[
  {
    "id": "room_management",
    "name": "Quản lý phòng",
    "description": "",
    "required": false,
    "permissions": [
      {
        "id": "get_list_room",
        "name": "Xem danh sách phòng",
        "required": true,
        "description": "",
        "privateLevel": 2
      },
      {
        "id": "add_room",
        "name": "Thêm phòng",
        "description": "",
        "required": false,
        "privateLevel": 2
      },
      {
        "id": "update_room",
        "name": "Chỉnh sửa phòng",
        "description": "",
        "required": false,
        "privateLevel": 2
      },
      {
        "id": "delete_room",
        "name": "Xoá phòng",
        "description": "",
        "required": false,
        "privateLevel": 2
      }
    ]
  },
  {
    "id": "booking_management",
    "name": "Quản lý đặt phòng",
    "description": "",
    "permissions": [
      {
        "id": "get_list_booking",
        "name": "Xem danh sách đặt phòng",
        "description": "",
        "required": true,
        "privateLevel": 2
      },
      {
        "id": "add_booking",
        "name": "Đặt phòng",
        "description": "",
        "required": false,
        "privateLevel": 2
      },
      {
        "id": "update_booking",
        "name": "Chỉnh sửa đặt phòng",
        "description": "",
        "required": false,
        "privateLevel": 2
      },
      {
        "id": "delete_booking",
        "name": "Xoá đặt phòng",
        "description": "",
        "required": false,
        "privateLevel": 2
      }
    ]
  },
  {
    "id": "payment_management",
    "name": "Quản lý thanh toán",

    "description": "",
    "permissions": [
      {
        "id": "view_revenue",
        "name": "Xem doanh thu",
        "description": "",
        "required": true,
        "privateLevel": 2
      },
      {
        "id": "payment",
        "name": "Thanh toán",
        "description": "",
        "required": false,
        "privateLevel": 2
      },
      {
        "id": "export_invoice",
        "name": "Xuất hoá đơn",
        "description": "",
        "required": false,
        "privateLevel": 2
      }
    ]
  },
  {
    "id": "user_management",
    "name": "Quản lý người dùng",
    "level": 1,
    "description": "",
    "scopes": [
      {
        "id": "get_list_user",
        "name": "Xem danh sách người dùng",
        "description": "",
        "required": true,
        "privateLevel": 1
      },
      {
        "id": "add_user",
        "name": "Thêm người dùng",
        "description": "",
        "required": false,
        "privateLevel": 1
      },
      {
        "id": "update_user",
        "name": "Chỉnh sửa người dùng",
        "description": "",
        "required": false,
        "privateLevel": 1
      },
      {
        "id": "delete_user",
        "name": "Xoá người dùng",
        "description": "",
        "required": false,
        "privateLevel": 1
      }
    ]
  },
  {
    "id": "role_management",
    "name": "Quản lý vai trò",
    "level": 1,
    "description": "",
    "scopes": [
      {
        "id": "get_list_user",
        "name": "Xem danh sách vai trò",
        "description": "",
        "required": true,
        "privateLevel": 1
      },
      {
        "id": "add_role",
        "name": "Thêm vai trò",
        "description": "",
        "required": false,
        "privateLevel": 1
      },
      {
        "id": "update_role",
        "name": "Chỉnh sửa vai trò",
        "description": "",
        "required": false,
        "privateLevel": 1
      },
      {
        "id": "delete_role",
        "name": "Xoá vai trò",
        "description": "",
        "required": false,
        "privateLevel": 1
      }
    ]
  }
]
